{"cameraMode":{"drawMode":0,"name":"Shaded","section":"Shading Mode"},"sceneLighting":true,"audioPlay":false,"sceneViewState":{"m_AlwaysRefresh":false,"showFog":true,"showSkybox":false,"showFlares":true,"showImageEffects":true,"showParticleSystems":true,"showVisualEffectGraphs":true,"m_FxEnabled":true},"in2DMode":false,"pivot":{"x":73.91099548339844,"y":62.125701904296878,"z":1.6236920356750489},"rotation":{"x":-0.22169867157936097,"y":0.7017205953598023,"z":-0.24641335010528565,"w":-0.6308643817901611},"size":1.2247449159622193,"orthographic":false}